{
  "signals": {
    "timestamp": "2025-06-26 14:54:50.896834",
    "rl_signals": {
      "RELIANCE.NS": {
        "signal": "SELL",
        "current_price": 1210.699951171875,
        "ma_20": 1263.2450134277344,
        "confidence": 0.7
      },
      "TCS.NS": {
        "signal": "SELL",
        "current_price": 4112.3603515625,
        "ma_20": 4274.166015625,
        "confidence": 0.7
      },
      "HDFCBANK.NS": {
        "signal": "SELL",
        "current_price": 1777.9000244140625,
        "ma_20": 1829.252490234375,
        "confidence": 0.7
      },
      "INFY.NS": {
        "signal": "HOLD",
        "current_price": 1879.554443359375,
        "ma_20": 1909.0938415527344,
        "confidence": 0.7
      },
      "ICICIBANK.NS": {
        "signal": "HOLD",
        "current_price": 1294.6500244140625,
        "ma_20": 1315.5825134277343,
        "confidence": 0.7
      },
      "HINDUNILVR.NS": {
        "signal": "HOLD",
        "current_price": 2319.11181640625,
        "ma_20": 2365.805798339844,
        "confidence": 0.7
      },
      "ITC.NS": {
        "signal": "HOLD",
        "current_price": 461.0921936035156,
        "ma_20": 454.72920684814454,
        "confidence": 0.7
      },
      "SBIN.NS": {
        "signal": "SELL",
        "current_price": 772.7828369140625,
        "ma_20": 823.9357299804688,
        "confidence": 0.7
      }
    },
    "portfolio_allocation": {
      "weights": {
        "RELIANCE.NS": 1.810159559067698e-18,
        "TCS.NS": 0.0,
        "HDFCBANK.NS": 1.148529526304378e-16,
        "INFY.NS": 0.0,
        "ICICIBANK.NS": 5.3368815223513964e-18,
        "HINDUNILVR.NS": 9.054909394704635e-17,
        "ITC.NS": 0.027648444965431902,
        "SBIN.NS": 3.9822385742731316e-17,
        "BHARTIARTL.NS": 0.16651596133302765,
        "KOTAKBANK.NS": 4.1169853802960037e-16,
        "ASIANPAINT.NS": 1.2965040256191241e-16,
        "MARUTI.NS": 1.6317296192255538e-16,
        "SUNPHARMA.NS": 0.37467041664036616,
        "TATAMOTORS.NS": 0.017419226127360705,
        "WIPRO.NS": 8.568323272524046e-17,
        "ULTRACEMCO.NS": 0.0,
        "TITAN.NS": 0.047025570461019836,
        "BAJFINANCE.NS": 1.647150345901793e-17,
        "TECHM.NS": 1.0861773755176359e-16,
        "BAJAJFINSV.NS": 1.501126514688066e-16,
        "NTPC.NS": 0.12626956479688195,
        "HCLTECH.NS": 0.240450815675912,
        "ONGC.NS": 0.0,
        "JSWSTEEL.NS": 0.0,
        "TATACONSUM.NS": 0.0
      },
      "expected_return": 0.317364157845386,
      "sharpe_ratio": 1.3828524656511136
    },
    "unified_recommendation": {
      "RELIANCE.NS": {
        "action": "SELL",
        "confidence": 0.8,
        "allocation": 0.0,
        "reasoning": [
          "RL: SELL (70.0%)"
        ]
      },
      "TCS.NS": {
        "action": "SELL",
        "confidence": 0.8,
        "allocation": 0.0,
        "reasoning": [
          "RL: SELL (70.0%)"
        ]
      },
      "HDFCBANK.NS": {
        "action": "SELL",
        "confidence": 0.8,
        "allocation": 0.0,
        "reasoning": [
          "RL: SELL (70.0%)"
        ]
      },
      "INFY.NS": {
        "action": "HOLD",
        "confidence": 0.5,
        "allocation": 0.0,
        "reasoning": []
      },
      "ICICIBANK.NS": {
        "action": "HOLD",
        "confidence": 0.5,
        "allocation": 0.0,
        "reasoning": []
      },
      "HINDUNILVR.NS": {
        "action": "HOLD",
        "confidence": 0.5,
        "allocation": 0.0,
        "reasoning": []
      },
      "ITC.NS": {
        "action": "HOLD",
        "confidence": 0.5,
        "allocation": 0.0,
        "reasoning": []
      },
      "SBIN.NS": {
        "action": "SELL",
        "confidence": 0.8,
        "allocation": 0.0,
        "reasoning": [
          "RL: SELL (70.0%)"
        ]
      },
      "BHARTIARTL.NS": {
        "action": "BUY",
        "confidence": 0.7,
        "allocation": 0.15,
        "reasoning": [
          "Portfolio: 16.7%"
        ]
      },
      "KOTAKBANK.NS": {
        "action": "HOLD",
        "confidence": 0.5,
        "allocation": 0.0,
        "reasoning": []
      },
      "ASIANPAINT.NS": {
        "action": "HOLD",
        "confidence": 0.5,
        "allocation": 0.0,
        "reasoning": []
      },
      "MARUTI.NS": {
        "action": "HOLD",
        "confidence": 0.5,
        "allocation": 0.0,
        "reasoning": []
      },
      "SUNPHARMA.NS": {
        "action": "BUY",
        "confidence": 0.7,
        "allocation": 0.15,
        "reasoning": [
          "Portfolio: 37.5%"
        ]
      },
      "TATAMOTORS.NS": {
        "action": "HOLD",
        "confidence": 0.5,
        "allocation": 0.0,
        "reasoning": []
      },
      "WIPRO.NS": {
        "action": "HOLD",
        "confidence": 0.5,
        "allocation": 0.0,
        "reasoning": []
      },
      "ULTRACEMCO.NS": {
        "action": "HOLD",
        "confidence": 0.5,
        "allocation": 0.0,
        "reasoning": []
      },
      "TITAN.NS": {
        "action": "HOLD",
        "confidence": 0.5,
        "allocation": 0.0,
        "reasoning": []
      },
      "BAJFINANCE.NS": {
        "action": "HOLD",
        "confidence": 0.5,
        "allocation": 0.0,
        "reasoning": []
      },
      "TECHM.NS": {
        "action": "HOLD",
        "confidence": 0.5,
        "allocation": 0.0,
        "reasoning": []
      },
      "BAJAJFINSV.NS": {
        "action": "HOLD",
        "confidence": 0.5,
        "allocation": 0.0,
        "reasoning": []
      },
      "NTPC.NS": {
        "action": "BUY",
        "confidence": 0.7,
        "allocation": 0.12626956479688195,
        "reasoning": [
          "Portfolio: 12.6%"
        ]
      },
      "HCLTECH.NS": {
        "action": "BUY",
        "confidence": 0.7,
        "allocation": 0.15,
        "reasoning": [
          "Portfolio: 24.0%"
        ]
      },
      "ONGC.NS": {
        "action": "HOLD",
        "confidence": 0.5,
        "allocation": 0.0,
        "reasoning": []
      },
      "JSWSTEEL.NS": {
        "action": "HOLD",
        "confidence": 0.5,
        "allocation": 0.0,
        "reasoning": []
      },
      "TATACONSUM.NS": {
        "action": "HOLD",
        "confidence": 0.5,
        "allocation": 0.0,
        "reasoning": []
      },
      "ADANIENT.NS": {
        "action": "HOLD",
        "confidence": 0.5,
        "allocation": 0.0,
        "reasoning": []
      },
      "COALINDIA.NS": {
        "action": "HOLD",
        "confidence": 0.5,
        "allocation": 0.0,
        "reasoning": []
      },
      "HINDALCO.NS": {
        "action": "HOLD",
        "confidence": 0.5,
        "allocation": 0.0,
        "reasoning": []
      },
      "TATASTEEL.NS": {
        "action": "HOLD",
        "confidence": 0.5,
        "allocation": 0.0,
        "reasoning": []
      },
      "BRITANNIA.NS": {
        "action": "HOLD",
        "confidence": 0.5,
        "allocation": 0.0,
        "reasoning": []
      },
      "GRASIM.NS": {
        "action": "HOLD",
        "confidence": 0.5,
        "allocation": 0.0,
        "reasoning": []
      },
      "INDUSINDBK.NS": {
        "action": "HOLD",
        "confidence": 0.5,
        "allocation": 0.0,
        "reasoning": []
      },
      "M&M.NS": {
        "action": "HOLD",
        "confidence": 0.5,
        "allocation": 0.0,
        "reasoning": []
      },
      "BAJAJ-AUTO.NS": {
        "action": "HOLD",
        "confidence": 0.5,
        "allocation": 0.0,
        "reasoning": []
      },
      "VEDL.NS": {
        "action": "HOLD",
        "confidence": 0.5,
        "allocation": 0.0,
        "reasoning": []
      },
      "UPL.NS": {
        "action": "HOLD",
        "confidence": 0.5,
        "allocation": 0.0,
        "reasoning": []
      },
      "ZOMATO.NS": {
        "action": "HOLD",
        "confidence": 0.5,
        "allocation": 0.0,
        "reasoning": []
      },
      "NYKAA.NS": {
        "action": "HOLD",
        "confidence": 0.5,